candidate_id,name,source,role_applied,department,application_date,screening_date,interview_date,offer_date,joining_date,status,rejection_reason,time_to_hire_days
1001,Aman Patel,LinkedIn,HR Executive,Human Resources,2026-02-03,2026-02-10,2026-02-14,,,Rejected,Salary mismatch,
1002,Aarav Gupta,LinkedIn,Software Engineer,Engineering,2026-01-10,,,,,Rejected,Location constraint,
1003,Krishna Bose,Referral,Software Engineer,Engineering,2025-12-21,2025-12-25,2025-12-31,,,Rejected,Notice period too long,
1004,Vihaan Gupta,Naukri,Customer Support,Operations,2026-03-26,2026-03-28,,,,Rejected,Skill gap,
1005,Kavya Chopra,LinkedIn,HR Executive,Human Resources,2026-04-04,2026-04-11,2026-04-17,,,Rejected,Skill gap,
1006,Sneha Singh,Indeed,Business Analyst,Analytics,2026-02-20,2026-02-24,2026-03-04,2026-03-08,2026-04-13,Joined,,52
1007,Aman Gupta,Referral,Sales Executive,Sales,2026-02-03,2026-02-08,2026-02-14,,,Rejected,Salary mismatch,
1008,Krishna Verma,Indeed,Business Analyst,Analytics,2026-02-15,2026-02-21,,,,Rejected,Notice period too long,
1009,Ishaan Rao,Naukri,Product Designer,Design,2025-12-13,2025-12-16,,,,Rejected,Better offer elsewhere,
1010,Neha Kulkarni,Naukri,Business Analyst,Analytics,2026-04-04,2026-04-07,2026-04-11,,,Rejected,Skill gap,
1011,Arjun Nair,Campus Drive,Business Analyst,Analytics,2025-11-02,2025-11-08,,,,Rejected,Better offer elsewhere,
1012,Riya Sharma,Referral,Data Analyst,Analytics,2026-02-14,2026-02-18,2026-02-27,2026-03-01,,Offer Declined,Better offer elsewhere,
1013,Ira Nair,Naukri,Data Analyst,Analytics,2026-03-02,,,,,Rejected,Culture fit concerns,
1014,Arjun Malhotra,Campus Drive,Software Engineer,Engineering,2026-03-15,2026-03-17,,,,Rejected,Better offer elsewhere,
1015,Krishna Verma,LinkedIn,Data Analyst,Analytics,2025-11-13,,,,,Rejected,Skill gap,
1016,Sanjay Agarwal,Campus Drive,Sales Executive,Sales,2026-06-01,,,,,Rejected,Failed technical round,
1017,Rohan Pillai,Indeed,Business Analyst,Analytics,2026-01-17,,,,,Rejected,Culture fit concerns,
1018,Priya Joshi,Naukri,Customer Support,Operations,2026-05-13,,,,,Rejected,No show,
1019,Vihaan Singh,LinkedIn,Customer Support,Operations,2025-10-11,2025-10-14,2025-10-17,2025-10-24,2025-11-10,Joined,,30
1020,Rajesh Verma,Indeed,Data Analyst,Analytics,2026-06-21,2026-06-28,2026-07-03,,,Rejected,No show,
1021,Krishna Rao,Indeed,Marketing Associate,Marketing,2025-11-18,2025-11-23,2025-12-02,,,Rejected,Salary mismatch,
1022,Rahul Patel,LinkedIn,Customer Support,Operations,2025-11-25,2025-11-28,2025-12-03,2025-12-07,2026-01-18,Joined,,54
1023,Kavya Gupta,Naukri,Data Analyst,Analytics,2025-10-26,2025-11-01,,,,Rejected,Skill gap,
1024,Kavya Singh,LinkedIn,Product Designer,Design,2026-06-04,2026-06-09,,,,Rejected,Failed technical round,
1025,Aadhya Sharma,Company Website,HR Executive,Human Resources,2026-05-21,2026-05-28,,,,Rejected,No show,
1026,Arjun Iyer,LinkedIn,Software Engineer,Engineering,2025-11-01,,,,,Rejected,Salary mismatch,
1027,Vivaan Kulkarni,Naukri,Sales Executive,Sales,2025-10-30,,,,,Rejected,Skill gap,
1028,Sneha Nair,LinkedIn,Data Analyst,Analytics,2026-01-29,2026-02-04,2026-02-07,,,Rejected,Location constraint,
1029,Rahul Kulkarni,Referral,Customer Support,Operations,2026-02-11,2026-02-18,2026-02-25,2026-03-04,2026-04-02,Joined,,50
1030,Ananya Gupta,LinkedIn,Data Analyst,Analytics,2025-11-07,2025-11-13,2025-11-21,,,Rejected,Culture fit concerns,
1031,Diya Joshi,LinkedIn,HR Executive,Human Resources,2026-06-28,2026-07-04,2026-07-08,,,Rejected,Failed technical round,
1032,Rohan Patel,Indeed,Sales Executive,Sales,2026-02-17,2026-02-20,,,,Rejected,Culture fit concerns,
1033,Rahul Mehta,Naukri,HR Executive,Human Resources,2025-10-27,2025-11-01,,,,Rejected,Salary mismatch,
1034,Aarav Kapoor,Campus Drive,HR Executive,Human Resources,2025-12-22,,,,,Rejected,Location constraint,
1035,Riya Sharma,LinkedIn,Sales Executive,Sales,2025-10-19,,,,,Rejected,Failed technical round,
1036,Saanvi Reddy,LinkedIn,Customer Support,Operations,2025-10-21,,,,,Rejected,Culture fit concerns,
1037,Rahul Singh,Referral,Customer Support,Operations,2026-04-27,,,,,Rejected,Failed technical round,
1038,Kavya Singh,Indeed,Sales Executive,Sales,2026-04-30,2026-05-07,,,,Rejected,Location constraint,
1039,Pooja Singh,LinkedIn,Data Analyst,Analytics,2026-04-14,,,,,Rejected,No show,
1040,Krishna Iyer,Indeed,Product Designer,Design,2026-03-29,2026-04-01,2026-04-07,2026-04-11,,Offer Declined,Better offer elsewhere,
1041,Diya Pillai,Naukri,Customer Support,Operations,2025-10-15,2025-10-19,2025-10-26,2025-11-01,2025-12-09,Joined,,55
1042,Pooja Kapoor,Naukri,Data Analyst,Analytics,2026-04-16,,,,,Rejected,Culture fit concerns,
1043,Rohan Verma,Campus Drive,Software Engineer,Engineering,2026-06-24,,,,,Rejected,Culture fit concerns,
1044,Diya Desai,LinkedIn,Customer Support,Operations,2026-03-10,2026-03-12,,,,Rejected,Better offer elsewhere,
1045,Ira Joshi,Referral,Customer Support,Operations,2026-04-25,2026-05-01,2026-05-10,,,Rejected,Location constraint,
1046,Rahul Nair,Referral,HR Executive,Human Resources,2026-04-26,2026-04-28,2026-05-04,2026-05-10,2026-06-04,Joined,,39
1047,Myra Bose,Naukri,Marketing Associate,Marketing,2026-06-19,2026-06-26,2026-06-30,2026-07-07,2026-08-01,Joined,,43
1048,Aditya Singh,Referral,Marketing Associate,Marketing,2026-01-10,2026-01-12,2026-01-22,,,Rejected,Skill gap,
1049,Myra Desai,Indeed,Marketing Associate,Marketing,2026-04-15,2026-04-18,2026-04-21,,,Rejected,Skill gap,
1050,Sanjay Desai,LinkedIn,Product Designer,Design,2025-10-26,2025-10-28,2025-11-07,,,Rejected,Notice period too long,
1051,Sanjay Bose,Referral,Business Analyst,Analytics,2026-05-17,,,,,Rejected,No show,
1052,Myra Mehta,Campus Drive,HR Executive,Human Resources,2026-06-24,2026-06-27,2026-07-01,,,Rejected,Culture fit concerns,
1053,Rohan Kapoor,Naukri,Data Analyst,Analytics,2025-12-10,2025-12-15,,,,Rejected,Culture fit concerns,
1054,Aditya Desai,Naukri,Product Designer,Design,2026-05-01,2026-05-06,2026-05-09,,,Rejected,Location constraint,
1055,Anika Sharma,Company Website,HR Executive,Human Resources,2026-04-18,,,,,Rejected,Location constraint,
1056,Riya Agarwal,Campus Drive,Marketing Associate,Marketing,2026-06-07,2026-06-12,2026-06-21,2026-06-28,,Offer Declined,Failed technical round,
1057,Vikram Bose,Indeed,Software Engineer,Engineering,2026-04-20,2026-04-27,2026-05-06,2026-05-11,2026-06-03,Joined,,44
1058,Aadhya Kapoor,LinkedIn,Customer Support,Operations,2026-03-22,,,,,Rejected,Location constraint,
1059,Rohan Desai,LinkedIn,Data Analyst,Analytics,2026-05-29,2026-06-04,2026-06-12,2026-06-14,,Offer Declined,Salary mismatch,
1060,Sanjay Sharma,Company Website,Marketing Associate,Marketing,2025-10-11,2025-10-14,2025-10-18,,,Rejected,Culture fit concerns,
1061,Myra Mehta,Campus Drive,Sales Executive,Sales,2025-11-28,,,,,Rejected,Failed technical round,
1062,Kabir Patel,Referral,HR Executive,Human Resources,2026-04-11,2026-04-18,2026-04-24,2026-05-02,2026-06-07,Joined,,57
1063,Navya Patel,Campus Drive,Software Engineer,Engineering,2026-03-27,2026-04-03,2026-04-11,2026-04-16,,Offer Declined,Skill gap,
1064,Saanvi Malhotra,Referral,Product Designer,Design,2025-12-18,2025-12-25,2026-01-01,,,Rejected,No show,
1065,Myra Desai,Indeed,HR Executive,Human Resources,2026-03-15,,,,,Rejected,Skill gap,
1066,Rohan Bose,LinkedIn,Product Designer,Design,2026-04-13,2026-04-18,,,,Rejected,Failed technical round,
1067,Anika Iyer,Naukri,HR Executive,Human Resources,2026-03-24,2026-03-30,,,,Rejected,Better offer elsewhere,
1068,Riya Sharma,Naukri,Marketing Associate,Marketing,2025-11-13,2025-11-18,2025-11-24,,,Rejected,No show,
1069,Myra Sharma,LinkedIn,Marketing Associate,Marketing,2026-04-26,2026-04-30,,,,Rejected,Notice period too long,
1070,Anika Agarwal,Naukri,Business Analyst,Analytics,2026-03-19,2026-03-24,2026-03-31,2026-04-07,2026-04-25,Joined,,37
1071,Neha Agarwal,Company Website,Sales Executive,Sales,2026-01-07,2026-01-12,2026-01-19,,,Rejected,Culture fit concerns,
1072,Kabir Singh,Naukri,HR Executive,Human Resources,2025-10-08,,,,,Rejected,Failed technical round,
1073,Rohan Verma,Company Website,HR Executive,Human Resources,2025-12-04,2025-12-09,2025-12-12,,,Rejected,No show,
1074,Anika Bose,Naukri,Software Engineer,Engineering,2026-02-07,,,,,Rejected,No show,
1075,Vihaan Gupta,Naukri,Data Analyst,Analytics,2025-10-28,2025-11-03,,,,Rejected,Skill gap,
1076,Krishna Patel,Referral,Business Analyst,Analytics,2026-01-24,2026-01-29,2026-02-08,2026-02-14,,Offer Declined,Better offer elsewhere,
1077,Kiara Bansal,LinkedIn,Data Analyst,Analytics,2026-01-15,2026-01-19,,,,Rejected,Failed technical round,
1078,Krishna Nair,Referral,Sales Executive,Sales,2025-10-02,2025-10-09,2025-10-16,2025-10-20,2025-11-26,Joined,,55
1079,Sneha Bose,LinkedIn,Marketing Associate,Marketing,2026-02-13,,,,,Rejected,Culture fit concerns,
1080,Saanvi Patel,Naukri,Sales Executive,Sales,2026-02-14,,,,,Rejected,Skill gap,
1081,Vivaan Nair,Campus Drive,HR Executive,Human Resources,2026-05-13,2026-05-20,2026-05-29,,,Rejected,No show,
1082,Myra Gupta,Referral,Business Analyst,Analytics,2026-03-15,2026-03-17,2026-03-20,,,Rejected,Better offer elsewhere,
1083,Kiara Verma,Campus Drive,Sales Executive,Sales,2026-05-29,2026-06-03,,,,Rejected,Failed technical round,
1084,Kiara Desai,Referral,Product Designer,Design,2025-11-16,2025-11-21,2025-11-25,,,Rejected,Notice period too long,
1085,Saanvi Rao,LinkedIn,Business Analyst,Analytics,2025-10-19,2025-10-23,2025-10-27,,,Rejected,Location constraint,
1086,Sneha Pillai,Indeed,Software Engineer,Engineering,2026-05-25,2026-05-28,2026-06-07,,,Rejected,Salary mismatch,
1087,Ishaan Mehta,Naukri,HR Executive,Human Resources,2026-05-13,,,,,Rejected,No show,
1088,Vihaan Sharma,Company Website,Marketing Associate,Marketing,2025-12-21,2025-12-23,2025-12-27,2026-01-04,,Offer Declined,No show,
1089,Vihaan Reddy,Naukri,HR Executive,Human Resources,2026-06-18,,,,,Rejected,Location constraint,
1090,Vikram Rao,Company Website,Marketing Associate,Marketing,2026-05-22,2026-05-27,2026-06-01,,,Rejected,Better offer elsewhere,
1091,Sanjay Desai,Naukri,HR Executive,Human Resources,2025-10-02,2025-10-06,,,,Rejected,No show,
1092,Sneha Reddy,Naukri,Product Designer,Design,2026-03-26,2026-04-01,2026-04-09,,,Rejected,Culture fit concerns,
1093,Kiara Chopra,LinkedIn,Business Analyst,Analytics,2025-10-23,2025-10-28,,,,Rejected,Location constraint,
1094,Aadhya Reddy,Naukri,Software Engineer,Engineering,2025-12-04,2025-12-10,2025-12-14,,,Rejected,No show,
1095,Vihaan Pillai,Indeed,Software Engineer,Engineering,2025-12-13,2025-12-20,,,,Rejected,Skill gap,
1096,Anika Mehta,Naukri,Business Analyst,Analytics,2025-11-11,,,,,Rejected,Location constraint,
1097,Ananya Rao,Indeed,Software Engineer,Engineering,2025-11-05,2025-11-12,,,,Rejected,Culture fit concerns,
1098,Neha Gupta,Naukri,Data Analyst,Analytics,2025-11-21,2025-11-28,2025-12-01,2025-12-09,2026-01-04,Joined,,44
1099,Diya Desai,LinkedIn,Business Analyst,Analytics,2026-01-01,2026-01-03,,,,Rejected,Location constraint,
1100,Navya Singh,Naukri,Sales Executive,Sales,2026-01-27,2026-01-31,2026-02-03,,,Rejected,No show,
1101,Rajesh Joshi,Referral,Sales Executive,Sales,2025-11-07,2025-11-11,,,,Rejected,Better offer elsewhere,
1102,Aman Desai,Referral,Product Designer,Design,2026-03-04,2026-03-09,,,,Rejected,Skill gap,
1103,Krishna Chopra,Referral,HR Executive,Human Resources,2026-03-01,2026-03-08,2026-03-11,2026-03-18,,Offer Declined,Salary mismatch,
1104,Kavya Bansal,Campus Drive,HR Executive,Human Resources,2026-01-26,2026-01-30,2026-02-05,,,Rejected,Failed technical round,
1105,Aman Patel,Indeed,Software Engineer,Engineering,2026-03-08,,,,,Rejected,Salary mismatch,
1106,Kiara Malhotra,Campus Drive,Data Analyst,Analytics,2026-03-01,2026-03-06,2026-03-11,,,Rejected,Notice period too long,
1107,Ira Pillai,Indeed,Sales Executive,Sales,2026-02-09,,,,,Rejected,No show,
1108,Pooja Joshi,Campus Drive,Customer Support,Operations,2025-11-28,2025-11-30,2025-12-06,,,Rejected,Location constraint,
1109,Sneha Agarwal,Naukri,Business Analyst,Analytics,2025-10-08,2025-10-10,2025-10-17,,,Rejected,Notice period too long,
1110,Vihaan Singh,Naukri,Customer Support,Operations,2026-01-22,2026-01-29,,,,Rejected,Better offer elsewhere,
1111,Aman Desai,LinkedIn,Software Engineer,Engineering,2025-10-20,2025-10-25,2025-10-31,,,Rejected,Failed technical round,
1112,Aadhya Bose,Naukri,Business Analyst,Analytics,2025-12-19,,,,,Rejected,Skill gap,
1113,Vikram Rao,Referral,HR Executive,Human Resources,2025-10-17,2025-10-20,2025-10-26,,,Rejected,Skill gap,
1114,Rahul Malhotra,Naukri,Customer Support,Operations,2025-11-01,2025-11-04,,,,Rejected,No show,
1115,Aditya Iyer,Referral,Software Engineer,Engineering,2025-10-26,2025-10-29,,,,Rejected,Culture fit concerns,
1116,Aditya Agarwal,LinkedIn,Marketing Associate,Marketing,2026-01-28,2026-01-31,,,,Rejected,Salary mismatch,
1117,Rohan Reddy,Company Website,HR Executive,Human Resources,2025-12-29,2025-12-31,2026-01-08,,,Rejected,Culture fit concerns,
1118,Kiara Kapoor,LinkedIn,HR Executive,Human Resources,2025-10-27,2025-11-01,2025-11-05,,,Rejected,Notice period too long,
1119,Ira Kulkarni,LinkedIn,Marketing Associate,Marketing,2025-10-23,,,,,Rejected,Better offer elsewhere,
1120,Myra Sharma,LinkedIn,Product Designer,Design,2026-04-24,2026-04-26,2026-05-06,2026-05-08,2026-05-27,Joined,,33
1121,Aditya Reddy,LinkedIn,Customer Support,Operations,2026-04-14,,,,,Rejected,Better offer elsewhere,
1122,Myra Pillai,Referral,Data Analyst,Analytics,2025-11-28,,,,,Rejected,Culture fit concerns,
1123,Saanvi Bose,Indeed,Business Analyst,Analytics,2026-03-23,,,,,Rejected,Location constraint,
1124,Saanvi Patel,Naukri,Customer Support,Operations,2026-02-08,2026-02-11,,,,Rejected,No show,
1125,Aditya Gupta,Indeed,Data Analyst,Analytics,2026-05-10,2026-05-17,2026-05-22,,,Rejected,Notice period too long,
1126,Rahul Patel,Naukri,Business Analyst,Analytics,2025-10-27,,,,,Rejected,Better offer elsewhere,
1127,Diya Patel,Referral,Marketing Associate,Marketing,2025-12-19,2025-12-22,,,,Rejected,Notice period too long,
1128,Sneha Agarwal,Naukri,HR Executive,Human Resources,2026-01-24,,,,,Rejected,Salary mismatch,
1129,Navya Mehta,LinkedIn,HR Executive,Human Resources,2026-03-08,,,,,Rejected,Notice period too long,
1130,Aarav Nair,Indeed,Business Analyst,Analytics,2025-11-05,2025-11-12,,,,Rejected,Skill gap,
1131,Neha Pillai,LinkedIn,Business Analyst,Analytics,2026-05-21,2026-05-25,2026-06-02,,,Rejected,Skill gap,
1132,Rajesh Verma,LinkedIn,Software Engineer,Engineering,2025-11-11,2025-11-18,2025-11-28,2025-12-01,,Offer Declined,Skill gap,
1133,Diya Desai,LinkedIn,Product Designer,Design,2026-06-27,2026-06-29,2026-07-02,2026-07-06,,Offer Declined,Failed technical round,
1134,Sanjay Mehta,LinkedIn,Data Analyst,Analytics,2025-10-04,2025-10-09,2025-10-18,,,Rejected,Culture fit concerns,
1135,Ira Agarwal,Indeed,Customer Support,Operations,2025-11-06,2025-11-13,2025-11-16,,,Rejected,Skill gap,
1136,Sneha Kapoor,Referral,Business Analyst,Analytics,2026-05-02,2026-05-07,2026-05-15,2026-05-21,2026-06-27,Joined,,56
1137,Kavya Malhotra,LinkedIn,Data Analyst,Analytics,2026-02-02,2026-02-07,2026-02-16,,,Rejected,Notice period too long,
1138,Krishna Kapoor,Campus Drive,Data Analyst,Analytics,2026-06-19,2026-06-25,2026-07-03,2026-07-11,2026-07-30,Joined,,41
1139,Krishna Patel,LinkedIn,Marketing Associate,Marketing,2025-12-28,2026-01-04,2026-01-14,,,Rejected,No show,
1140,Rahul Kulkarni,Referral,Customer Support,Operations,2026-03-11,2026-03-13,2026-03-20,,,Rejected,Salary mismatch,
1141,Diya Pillai,LinkedIn,Product Designer,Design,2026-05-20,2026-05-24,,,,Rejected,Skill gap,
1142,Aman Gupta,Referral,Business Analyst,Analytics,2026-05-25,2026-06-01,,,,Rejected,No show,
1143,Kavya Kulkarni,Referral,Customer Support,Operations,2026-06-01,2026-06-03,2026-06-11,,,Rejected,Skill gap,
1144,Ira Nair,LinkedIn,Product Designer,Design,2026-05-13,2026-05-19,2026-05-27,,,Rejected,Location constraint,
1145,Saanvi Kapoor,Referral,Software Engineer,Engineering,2026-03-21,2026-03-23,2026-04-01,2026-04-08,,Offer Declined,Failed technical round,
1146,Ananya Gupta,Referral,Sales Executive,Sales,2026-03-29,2026-04-05,2026-04-14,2026-04-21,,Offer Declined,Better offer elsewhere,
1147,Riya Chopra,Referral,Customer Support,Operations,2025-12-05,2025-12-12,,,,Rejected,Skill gap,
1148,Aman Desai,Naukri,Software Engineer,Engineering,2026-04-04,2026-04-07,2026-04-17,2026-04-20,2026-05-14,Joined,,40
1149,Sneha Patel,Naukri,Software Engineer,Engineering,2026-03-22,,,,,Rejected,Failed technical round,
1150,Navya Chopra,LinkedIn,Sales Executive,Sales,2025-12-24,,,,,Rejected,Salary mismatch,
1151,Saanvi Malhotra,Referral,Marketing Associate,Marketing,2026-05-16,2026-05-23,,,,Rejected,Culture fit concerns,
1152,Riya Singh,Naukri,Product Designer,Design,2026-01-08,2026-01-14,,,,Rejected,No show,
1153,Sanjay Joshi,Campus Drive,Business Analyst,Analytics,2025-12-22,,,,,Rejected,Failed technical round,
1154,Sneha Mehta,LinkedIn,Product Designer,Design,2026-04-09,2026-04-11,,,,Rejected,Skill gap,
1155,Kabir Gupta,Campus Drive,HR Executive,Human Resources,2026-05-19,,,,,Rejected,Failed technical round,
1156,Vikram Desai,LinkedIn,Marketing Associate,Marketing,2026-05-19,,,,,Rejected,Salary mismatch,
1157,Saanvi Verma,Naukri,Customer Support,Operations,2026-01-29,2026-01-31,2026-02-03,2026-02-05,,Offer Declined,Notice period too long,
1158,Pooja Reddy,LinkedIn,HR Executive,Human Resources,2026-05-30,2026-06-02,,,,Rejected,No show,
1159,Myra Bansal,LinkedIn,Data Analyst,Analytics,2025-10-10,2025-10-13,2025-10-22,2025-10-26,2025-11-13,Joined,,34
1160,Vivaan Singh,Naukri,Product Designer,Design,2025-11-02,2025-11-07,2025-11-10,,,Rejected,Culture fit concerns,
1161,Priya Reddy,LinkedIn,Software Engineer,Engineering,2026-03-30,2026-04-04,2026-04-08,,,Rejected,Notice period too long,
1162,Aditya Pillai,Naukri,Software Engineer,Engineering,2026-04-18,,,,,Rejected,Salary mismatch,
1163,Aman Chopra,Company Website,HR Executive,Human Resources,2025-10-09,2025-10-11,2025-10-15,,,Rejected,Notice period too long,
1164,Arjun Verma,Naukri,Customer Support,Operations,2025-12-29,,,,,Rejected,No show,
1165,Priya Rao,Referral,Sales Executive,Sales,2025-11-02,2025-11-07,2025-11-13,2025-11-16,,Offer Declined,Notice period too long,
1166,Kavya Joshi,Naukri,Product Designer,Design,2026-02-07,2026-02-14,2026-02-22,,,Rejected,Salary mismatch,
1167,Sneha Kapoor,LinkedIn,Customer Support,Operations,2026-05-12,,,,,Rejected,No show,
1168,Rajesh Chopra,Naukri,Sales Executive,Sales,2026-06-12,2026-06-16,,,,Rejected,Better offer elsewhere,
1169,Pooja Gupta,Campus Drive,Data Analyst,Analytics,2026-05-09,2026-05-12,2026-05-20,2026-05-24,2026-06-17,Joined,,39
1170,Myra Bansal,Campus Drive,Sales Executive,Sales,2026-05-16,2026-05-18,,,,Rejected,Notice period too long,
1171,Navya Desai,LinkedIn,Software Engineer,Engineering,2025-11-08,2025-11-13,2025-11-18,,,Rejected,Failed technical round,
1172,Sneha Bansal,Referral,Product Designer,Design,2025-10-18,2025-10-21,,,,Rejected,Notice period too long,
1173,Diya Chopra,Company Website,Software Engineer,Engineering,2025-12-18,2025-12-22,2025-12-26,,,Rejected,Notice period too long,
1174,Aadhya Kapoor,Referral,Marketing Associate,Marketing,2025-11-28,2025-12-01,2025-12-10,,,Rejected,Skill gap,
1175,Rohan Mehta,Campus Drive,Marketing Associate,Marketing,2026-02-24,2026-03-01,2026-03-06,,,Rejected,No show,
1176,Reyansh Bose,Company Website,Customer Support,Operations,2026-03-27,,,,,Rejected,Better offer elsewhere,
1177,Rajesh Joshi,Indeed,Sales Executive,Sales,2026-04-04,2026-04-06,,,,Rejected,Failed technical round,
1178,Krishna Rao,LinkedIn,Customer Support,Operations,2026-05-28,,,,,Rejected,Failed technical round,
1179,Navya Gupta,LinkedIn,Business Analyst,Analytics,2026-06-03,2026-06-08,,,,Rejected,Skill gap,
1180,Arjun Kapoor,Referral,Product Designer,Design,2026-05-27,2026-05-31,2026-06-05,,,Rejected,Failed technical round,
1181,Saanvi Pillai,Indeed,Software Engineer,Engineering,2025-12-03,2025-12-07,2025-12-15,,,Rejected,Culture fit concerns,
1182,Diya Pillai,Indeed,Data Analyst,Analytics,2026-02-06,2026-02-12,2026-02-19,,,Rejected,Skill gap,
1183,Ira Nair,Referral,Sales Executive,Sales,2025-12-27,2026-01-03,,,,Rejected,Notice period too long,
1184,Vikram Kulkarni,LinkedIn,Software Engineer,Engineering,2025-11-11,2025-11-18,,,,Rejected,Better offer elsewhere,
1185,Aman Iyer,Campus Drive,Business Analyst,Analytics,2025-10-16,2025-10-23,2025-10-30,,,Rejected,Location constraint,
1186,Kabir Bose,LinkedIn,Software Engineer,Engineering,2025-12-20,2025-12-25,2026-01-02,,,Rejected,Notice period too long,
1187,Sneha Kapoor,Campus Drive,Customer Support,Operations,2026-04-23,2026-04-27,2026-05-01,2026-05-06,2026-06-04,Joined,,42
1188,Krishna Reddy,LinkedIn,HR Executive,Human Resources,2026-04-15,,,,,Rejected,Location constraint,
1189,Krishna Nair,Indeed,Customer Support,Operations,2026-01-06,,,,,Rejected,No show,
1190,Ira Bose,Naukri,HR Executive,Human Resources,2026-06-12,2026-06-17,2026-06-23,2026-06-27,2026-07-21,Joined,,39
1191,Anika Bansal,Indeed,Product Designer,Design,2026-02-24,2026-02-26,2026-03-05,,,Rejected,Location constraint,
1192,Diya Verma,Naukri,Marketing Associate,Marketing,2026-04-04,2026-04-06,2026-04-16,,,Rejected,Better offer elsewhere,
1193,Vikram Bansal,Referral,Data Analyst,Analytics,2025-12-05,,,,,Rejected,Location constraint,
1194,Diya Kapoor,Referral,Customer Support,Operations,2025-12-13,2025-12-19,2025-12-22,2025-12-25,2026-02-03,Joined,,52
1195,Anika Pillai,Naukri,Sales Executive,Sales,2026-03-17,,,,,Rejected,Notice period too long,
1196,Reyansh Chopra,Company Website,HR Executive,Human Resources,2026-03-22,2026-03-28,2026-04-04,,,Rejected,Salary mismatch,
1197,Diya Kapoor,Referral,Business Analyst,Analytics,2026-03-07,2026-03-14,,,,Rejected,Salary mismatch,
1198,Navya Rao,LinkedIn,Marketing Associate,Marketing,2025-10-27,2025-10-30,2025-11-08,2025-11-15,2025-12-18,Joined,,52
1199,Priya Patel,LinkedIn,Product Designer,Design,2026-03-10,2026-03-15,,,,Rejected,Location constraint,
1200,Ira Bansal,Company Website,Software Engineer,Engineering,2025-12-10,2025-12-16,2025-12-26,,,Rejected,Notice period too long,
1201,Reyansh Bose,Indeed,Customer Support,Operations,2026-03-31,2026-04-07,,,,Rejected,Better offer elsewhere,
1202,Navya Rao,LinkedIn,Marketing Associate,Marketing,2026-02-20,2026-02-23,,,,Rejected,Better offer elsewhere,
1203,Sanjay Joshi,Campus Drive,Product Designer,Design,2026-03-12,2026-03-18,,,,Rejected,Better offer elsewhere,
1204,Kabir Patel,Referral,Business Analyst,Analytics,2026-04-21,2026-04-24,2026-05-01,,,Rejected,Skill gap,
1205,Diya Bose,Referral,Product Designer,Design,2026-01-18,2026-01-24,2026-01-31,2026-02-06,,Offer Declined,Culture fit concerns,
1206,Krishna Verma,Referral,Marketing Associate,Marketing,2026-01-28,2026-02-02,2026-02-12,2026-02-20,2026-04-06,Joined,,68
1207,Riya Nair,Naukri,Product Designer,Design,2026-06-02,2026-06-06,2026-06-09,,,Rejected,Skill gap,
1208,Aman Kulkarni,LinkedIn,Software Engineer,Engineering,2025-12-29,2026-01-01,,,,Rejected,Salary mismatch,
1209,Vikram Chopra,Campus Drive,Sales Executive,Sales,2026-02-26,,,,,Rejected,Salary mismatch,
1210,Kabir Kulkarni,Referral,Customer Support,Operations,2026-02-23,2026-03-02,2026-03-12,,,Rejected,Failed technical round,
1211,Sneha Pillai,Naukri,Marketing Associate,Marketing,2025-11-27,2025-12-04,2025-12-11,,,Rejected,Salary mismatch,
1212,Neha Kapoor,Campus Drive,Marketing Associate,Marketing,2025-12-29,2026-01-05,,,,Rejected,Location constraint,
1213,Ira Kapoor,LinkedIn,Data Analyst,Analytics,2026-01-03,,,,,Rejected,No show,
1214,Ananya Singh,LinkedIn,Business Analyst,Analytics,2026-01-29,2026-02-02,,,,Rejected,Better offer elsewhere,
1215,Kiara Kulkarni,LinkedIn,Customer Support,Operations,2026-01-29,2026-01-31,2026-02-05,2026-02-11,,Offer Declined,Better offer elsewhere,
1216,Priya Patel,Referral,HR Executive,Human Resources,2026-04-07,2026-04-10,,,,Rejected,No show,
1217,Arjun Bose,Campus Drive,Customer Support,Operations,2026-05-01,,,,,Rejected,No show,
1218,Sanjay Agarwal,Indeed,Marketing Associate,Marketing,2026-02-04,2026-02-10,,,,Rejected,Skill gap,
1219,Ira Bose,Naukri,Customer Support,Operations,2025-11-09,,,,,Rejected,Skill gap,
1220,Vivaan Agarwal,Indeed,Marketing Associate,Marketing,2025-12-16,2025-12-22,2025-12-28,,,Rejected,No show,
1221,Aditya Pillai,Naukri,Software Engineer,Engineering,2026-05-21,2026-05-26,2026-05-29,,,Rejected,Better offer elsewhere,
1222,Neha Sharma,Naukri,Software Engineer,Engineering,2026-01-20,2026-01-22,2026-01-26,,,Rejected,Salary mismatch,
1223,Kavya Gupta,Company Website,Product Designer,Design,2025-10-17,2025-10-20,,,,Rejected,Location constraint,
1224,Diya Chopra,Naukri,Business Analyst,Analytics,2026-04-11,2026-04-18,,,,Rejected,Failed technical round,
1225,Aman Malhotra,LinkedIn,Business Analyst,Analytics,2026-06-28,2026-07-01,,,,Rejected,Salary mismatch,
1226,Kabir Bose,Referral,Business Analyst,Analytics,2026-06-30,2026-07-03,2026-07-11,2026-07-14,,Offer Declined,Skill gap,
1227,Vivaan Desai,Referral,Software Engineer,Engineering,2026-02-01,2026-02-03,2026-02-13,,,Rejected,Salary mismatch,
1228,Krishna Verma,Naukri,Marketing Associate,Marketing,2026-01-20,,,,,Rejected,Salary mismatch,
1229,Arjun Pillai,Company Website,Marketing Associate,Marketing,2026-03-13,2026-03-20,,,,Rejected,Culture fit concerns,
1230,Kabir Reddy,Company Website,Marketing Associate,Marketing,2026-04-30,2026-05-02,2026-05-07,,,Rejected,Location constraint,
1231,Riya Rao,LinkedIn,Customer Support,Operations,2026-04-14,,,,,Rejected,Notice period too long,
1232,Priya Desai,Naukri,HR Executive,Human Resources,2026-04-11,2026-04-17,2026-04-23,2026-04-30,2026-05-29,Joined,,48
1233,Kavya Verma,Referral,Business Analyst,Analytics,2026-06-29,2026-07-02,2026-07-10,,,Rejected,No show,
1234,Sneha Malhotra,LinkedIn,Marketing Associate,Marketing,2025-10-27,2025-11-03,,,,Rejected,Salary mismatch,
1235,Sneha Gupta,LinkedIn,Marketing Associate,Marketing,2026-06-03,2026-06-07,2026-06-10,2026-06-13,,Offer Declined,Skill gap,
1236,Neha Rao,Indeed,Marketing Associate,Marketing,2026-04-22,,,,,Rejected,Notice period too long,
1237,Sanjay Joshi,Naukri,Customer Support,Operations,2026-03-07,2026-03-13,,,,Rejected,No show,
1238,Vihaan Rao,Campus Drive,Customer Support,Operations,2026-01-13,2026-01-18,2026-01-24,,,Rejected,Salary mismatch,
1239,Rohan Agarwal,Company Website,Business Analyst,Analytics,2026-03-01,2026-03-05,2026-03-11,,,Rejected,Notice period too long,
1240,Rohan Rao,Company Website,Product Designer,Design,2026-05-24,2026-05-28,2026-06-07,2026-06-13,,Offer Declined,Salary mismatch,
1241,Ira Verma,Indeed,Data Analyst,Analytics,2025-10-25,,,,,Rejected,Location constraint,
1242,Arjun Singh,LinkedIn,Sales Executive,Sales,2025-10-05,2025-10-10,2025-10-20,,,Rejected,Salary mismatch,
1243,Aarav Agarwal,Referral,Software Engineer,Engineering,2025-10-09,2025-10-13,2025-10-20,2025-10-28,2025-11-25,Joined,,47
1244,Pooja Nair,LinkedIn,Data Analyst,Analytics,2026-06-26,2026-06-29,,,,Rejected,Better offer elsewhere,
1245,Vikram Malhotra,LinkedIn,Business Analyst,Analytics,2025-11-10,2025-11-15,2025-11-21,,,Rejected,Culture fit concerns,
1246,Kabir Gupta,Referral,Software Engineer,Engineering,2025-11-17,2025-11-22,2025-11-25,,,Rejected,Failed technical round,
1247,Aditya Rao,Indeed,Customer Support,Operations,2025-11-18,,,,,Rejected,Salary mismatch,
1248,Krishna Iyer,Indeed,Product Designer,Design,2026-02-16,2026-02-18,,,,Rejected,Better offer elsewhere,
1249,Rajesh Agarwal,Referral,Software Engineer,Engineering,2025-12-31,,,,,Rejected,Notice period too long,
1250,Aarav Iyer,Referral,Business Analyst,Analytics,2025-11-09,2025-11-15,2025-11-24,,,Rejected,Notice period too long,
1251,Aadhya Reddy,Campus Drive,Data Analyst,Analytics,2026-06-14,,,,,Rejected,Notice period too long,
1252,Vivaan Patel,Naukri,Data Analyst,Analytics,2026-03-24,2026-03-30,,,,Rejected,Location constraint,
1253,Sanjay Kapoor,LinkedIn,HR Executive,Human Resources,2026-05-19,2026-05-23,2026-06-01,2026-06-08,2026-07-05,Joined,,47
1254,Aditya Bansal,LinkedIn,Marketing Associate,Marketing,2025-11-07,2025-11-10,2025-11-15,,,Rejected,Notice period too long,
1255,Diya Patel,LinkedIn,HR Executive,Human Resources,2026-05-16,2026-05-20,2026-05-24,2026-05-29,2026-06-29,Joined,,44
1256,Saanvi Patel,LinkedIn,Customer Support,Operations,2025-11-17,2025-11-21,,,,Rejected,Salary mismatch,
1257,Kabir Desai,Naukri,Data Analyst,Analytics,2026-02-02,2026-02-05,,,,Rejected,Failed technical round,
1258,Arjun Mehta,Naukri,Product Designer,Design,2025-12-14,2025-12-19,2025-12-26,,,Rejected,Skill gap,
1259,Diya Mehta,Company Website,Product Designer,Design,2026-01-09,2026-01-12,2026-01-21,2026-01-27,2026-03-10,Joined,,60
1260,Ananya Bose,Naukri,Sales Executive,Sales,2026-03-03,2026-03-10,2026-03-18,2026-03-23,,Offer Declined,Better offer elsewhere,
1261,Neha Rao,Company Website,Marketing Associate,Marketing,2026-03-16,2026-03-21,2026-03-27,,,Rejected,Failed technical round,
1262,Rahul Agarwal,LinkedIn,Product Designer,Design,2026-01-16,2026-01-20,,,,Rejected,Skill gap,
1263,Vikram Desai,Referral,Sales Executive,Sales,2026-03-05,2026-03-12,2026-03-21,,,Rejected,Skill gap,
1264,Myra Bansal,Naukri,Business Analyst,Analytics,2026-06-17,,,,,Rejected,Location constraint,
1265,Riya Verma,Campus Drive,Customer Support,Operations,2025-11-13,2025-11-16,,,,Rejected,Notice period too long,
1266,Reyansh Bansal,LinkedIn,Business Analyst,Analytics,2026-03-19,,,,,Rejected,Location constraint,
1267,Vihaan Sharma,LinkedIn,Marketing Associate,Marketing,2026-06-19,,,,,Rejected,Culture fit concerns,
1268,Myra Malhotra,Naukri,Sales Executive,Sales,2026-03-26,,,,,Rejected,No show,
1269,Vihaan Joshi,Naukri,Data Analyst,Analytics,2025-11-29,,,,,Rejected,Failed technical round,
1270,Diya Joshi,Naukri,Marketing Associate,Marketing,2026-06-24,2026-06-29,2026-07-09,2026-07-13,2026-08-19,Joined,,56
1271,Vihaan Sharma,Indeed,Data Analyst,Analytics,2025-12-24,,,,,Rejected,Culture fit concerns,
1272,Ira Nair,Referral,Customer Support,Operations,2026-05-07,,,,,Rejected,Culture fit concerns,
1273,Pooja Chopra,Referral,Sales Executive,Sales,2026-05-10,2026-05-17,2026-05-23,2026-05-28,2026-07-04,Joined,,55
1274,Ishaan Iyer,LinkedIn,Data Analyst,Analytics,2025-11-22,,,,,Rejected,Failed technical round,
1275,Diya Kapoor,LinkedIn,Data Analyst,Analytics,2026-02-12,2026-02-17,2026-02-25,,,Rejected,Location constraint,
1276,Kiara Patel,Naukri,Product Designer,Design,2025-12-28,,,,,Rejected,Better offer elsewhere,
1277,Kavya Bansal,Referral,Sales Executive,Sales,2026-03-10,2026-03-14,2026-03-22,,,Rejected,Location constraint,
1278,Saanvi Bansal,LinkedIn,Business Analyst,Analytics,2026-05-05,2026-05-12,2026-05-17,,,Rejected,No show,
1279,Kabir Reddy,LinkedIn,Product Designer,Design,2025-10-28,,,,,Rejected,Salary mismatch,
1280,Anika Reddy,LinkedIn,Business Analyst,Analytics,2026-06-16,2026-06-21,,,,Rejected,Location constraint,
1281,Priya Bose,Naukri,Data Analyst,Analytics,2025-10-16,,,,,Rejected,Culture fit concerns,
1282,Kabir Verma,LinkedIn,HR Executive,Human Resources,2025-12-26,,,,,Rejected,No show,
1283,Riya Pillai,LinkedIn,Data Analyst,Analytics,2026-02-15,,,,,Rejected,Notice period too long,
1284,Riya Verma,Campus Drive,Product Designer,Design,2026-01-20,,,,,Rejected,Skill gap,
1285,Neha Singh,LinkedIn,Software Engineer,Engineering,2026-05-19,2026-05-21,2026-05-25,,,Rejected,Culture fit concerns,
1286,Ishaan Kulkarni,Referral,Business Analyst,Analytics,2025-12-24,2025-12-27,,,,Rejected,Salary mismatch,
1287,Kiara Malhotra,Naukri,Sales Executive,Sales,2026-03-15,,,,,Rejected,Better offer elsewhere,
1288,Kabir Kulkarni,LinkedIn,Data Analyst,Analytics,2025-12-09,,,,,Rejected,Location constraint,
1289,Kavya Verma,Company Website,Sales Executive,Sales,2025-12-07,2025-12-14,2025-12-20,,,Rejected,Location constraint,
1290,Anika Reddy,Referral,HR Executive,Human Resources,2026-05-01,2026-05-03,2026-05-07,2026-05-14,2026-06-27,Joined,,57
1291,Rajesh Malhotra,Naukri,Product Designer,Design,2026-03-17,2026-03-24,2026-04-03,,,Rejected,Notice period too long,
1292,Sneha Gupta,Campus Drive,Business Analyst,Analytics,2026-01-20,,,,,Rejected,Culture fit concerns,
1293,Anika Mehta,Naukri,HR Executive,Human Resources,2026-03-22,2026-03-25,2026-04-04,,,Rejected,Salary mismatch,
1294,Vivaan Patel,Referral,Product Designer,Design,2025-10-09,2025-10-12,2025-10-15,,,Rejected,Location constraint,
1295,Ishaan Reddy,Indeed,HR Executive,Human Resources,2025-12-21,,,,,Rejected,Better offer elsewhere,
1296,Aditya Malhotra,LinkedIn,Customer Support,Operations,2025-12-24,2025-12-31,2026-01-06,2026-01-08,2026-01-23,Joined,,30
1297,Ishaan Rao,LinkedIn,Marketing Associate,Marketing,2026-06-23,2026-06-25,2026-07-03,,,Rejected,Location constraint,
1298,Priya Reddy,Naukri,Marketing Associate,Marketing,2026-04-15,2026-04-17,2026-04-25,,,Rejected,Failed technical round,
1299,Aadhya Reddy,Referral,Sales Executive,Sales,2025-11-05,2025-11-07,2025-11-12,2025-11-19,2025-12-27,Joined,,52
1300,Arjun Desai,Referral,Product Designer,Design,2026-01-20,2026-01-22,2026-01-26,,,Rejected,Location constraint,
1301,Diya Desai,Naukri,Sales Executive,Sales,2026-02-04,2026-02-06,2026-02-13,,,Rejected,Salary mismatch,
1302,Sneha Joshi,LinkedIn,Marketing Associate,Marketing,2026-04-19,2026-04-21,,,,Rejected,Culture fit concerns,
1303,Anika Chopra,LinkedIn,Product Designer,Design,2025-11-06,2025-11-08,,,,Rejected,Notice period too long,
1304,Arjun Chopra,Indeed,Business Analyst,Analytics,2026-04-06,2026-04-09,,,,Rejected,Skill gap,
1305,Aarav Kulkarni,LinkedIn,HR Executive,Human Resources,2026-01-19,2026-01-21,,,,Rejected,Location constraint,
1306,Ira Joshi,Referral,Business Analyst,Analytics,2026-05-05,2026-05-07,2026-05-12,2026-05-16,2026-06-29,Joined,,55
1307,Ishaan Reddy,Naukri,Business Analyst,Analytics,2025-11-03,2025-11-08,,,,Rejected,Culture fit concerns,
1308,Vivaan Singh,LinkedIn,Business Analyst,Analytics,2025-11-29,2025-12-05,2025-12-10,2025-12-17,2026-01-01,Joined,,33
1309,Reyansh Rao,Company Website,HR Executive,Human Resources,2025-12-25,2026-01-01,,,,Rejected,Better offer elsewhere,
1310,Neha Patel,Campus Drive,Software Engineer,Engineering,2026-03-21,,,,,Rejected,Better offer elsewhere,
1311,Ira Gupta,LinkedIn,Data Analyst,Analytics,2026-06-12,2026-06-16,2026-06-21,2026-06-25,,Offer Declined,Skill gap,
1312,Krishna Pillai,LinkedIn,Software Engineer,Engineering,2026-02-03,2026-02-07,2026-02-12,2026-02-20,2026-04-01,Joined,,57
1313,Kavya Desai,LinkedIn,Marketing Associate,Marketing,2026-05-02,,,,,Rejected,Notice period too long,
1314,Rohan Gupta,Referral,Data Analyst,Analytics,2026-06-15,2026-06-17,2026-06-20,,,Rejected,Skill gap,
1315,Rajesh Bose,Indeed,HR Executive,Human Resources,2026-03-17,2026-03-22,2026-03-28,2026-04-05,2026-05-09,Joined,,53
1316,Krishna Bose,Naukri,Product Designer,Design,2026-01-09,,,,,Rejected,Culture fit concerns,
1317,Arjun Sharma,Company Website,Software Engineer,Engineering,2026-01-28,2026-02-04,,,,Rejected,Salary mismatch,
1318,Ananya Sharma,Campus Drive,Business Analyst,Analytics,2026-03-07,2026-03-13,,,,Rejected,Location constraint,
1319,Anika Verma,Company Website,Sales Executive,Sales,2026-02-21,2026-02-24,,,,Rejected,Location constraint,
1320,Priya Malhotra,Naukri,Data Analyst,Analytics,2025-11-18,2025-11-25,,,,Rejected,Skill gap,
